{
  "overall_accuracy": 0.8933333333333333,
  "per_class_accuracy": {
    "good": 0.68,
    "gap": 1.0,
    "bridge": 1.0
  },
  "classification_report": {
    "good": {
      "precision": 1.0,
      "recall": 0.68,
      "f1-score": 0.8095238095238095,
      "support": 50.0
    },
    "gap": {
      "precision": 1.0,
      "recall": 1.0,
      "f1-score": 1.0,
      "support": 50.0
    },
    "bridge": {
      "precision": 0.7575757575757576,
      "recall": 1.0,
      "f1-score": 0.8620689655172413,
      "support": 50.0
    },
    "accuracy": 0.8933333333333333,
    "macro avg": {
      "precision": 0.9191919191919192,
      "recall": 0.8933333333333334,
      "f1-score": 0.8905309250136836,
      "support": 150.0
    },
    "weighted avg": {
      "precision": 0.9191919191919191,
      "recall": 0.8933333333333333,
      "f1-score": 0.8905309250136836,
      "support": 150.0
    }
  },
  "confusion_matrix": [
    [
      34,
      0,
      16
    ],
    [
      0,
      50,
      0
    ],
    [
      0,
      0,
      50
    ]
  ],
  "total_samples": 150
}