{
  "model_info": {
    "total_parameters": 11171779,
    "trainable_parameters": 11171779,
    "total_training_time": 36.13909649848938,
    "avg_epoch_time": 7.227819299697876
  },
  "training_history": {
    "epoch": [
      1,
      2,
      3,
      4,
      5
    ],
    "train_loss": [
      1.1471378797044356,
      0.4447807849695285,
      0.2521854680497199,
      0.5522545046328257,
      0.23913856400176883
    ],
    "val_loss": [
      1.1955519104997316,
      0.46916509966055553,
      0.0828756329913934,
      0.4333338633179665,
      0.12479608158270518
    ],
    "val_accuracy": [
      0.6333333333333333,
      0.6333333333333333,
      1.0,
      0.6666666666666666,
      0.9666666666666667
    ],
    "val_precision": [
      0.45873015873015877,
      0.48333333333333334,
      1.0,
      0.5087719298245614,
      0.9694444444444444
    ],
    "val_recall": [
      0.6333333333333333,
      0.6333333333333333,
      1.0,
      0.6666666666666666,
      0.9666666666666667
    ],
    "val_f1": [
      0.5150537634408602,
      0.526797385620915,
      1.0,
      0.5595238095238095,
      0.9665141113653699
    ],
    "epoch_time": [
      7.881167888641357,
      6.943927764892578,
      6.987068176269531,
      7.215953350067139,
      7.110979318618774
    ]
  },
  "final_metrics": {
    "best_accuracy": 1.0,
    "best_f1": 1.0,
    "final_loss": 0.12479608158270518
  }
}